Team,EloRating
Fulham,1506.7
Arsenal,1607.3
Burnley,1390.9
Chelsea,1506.8
Liverpool,1545.0
Crystal Palace,1493.1
Aston Villa,1553.0
Man City,1595.2
Brentford,1515.3
Sunderland,1514.8
Newcastle,1475.1
Tottenham,1437.9
Everton,1502.3
Bournemouth,1531.4
Leeds,1479.6
West Ham,1438.4
Man United,1565.3
Nott'm Forest,1442.9
Wolves,1375.6
Brighton,1523.4
